"params","1_Mon","2_Mon","3_Mon","4_Mon","5_Mon","6_Mon","7_Mon","8_Mon","9_Mon","10_Mon","11_Mon","12_Mon"
"alpha",0.290304580536214,0.325377682778264,0.300805687521088,0.298609998864185,0.316088337746463,0.321339984655073,0.485011660671465,0.372519065563791,0.467515190064027,0.427234734212011,0.502025850590126,0.452110643714768
"beta",0.108798444755472,9.06554225648239,4.58160031254038,1.79032075792382,11.8966387566674,5.95400105862397,18.1275670103378,11.009056883827,5.84162423079246,26.9016731058243,10.0457642113118,8.67815576874152
"sigma",11.774058327465,15.2063626737418,29.8775652521363,116.993306674956,27.9914095516889,46.0401412410653,12.8251578769208,15.7373996255894,4.91894917901449,30.2022193971022,7.46558490148996,10.1648191859283
"q1",-2.07779284866384,-1.49282054163213,-1.1927545208993,-1.13379693328335,-0.991795128485094,-0.993129318933915,-0.428786831340408,-0.78876280847852,-0.70732116103425,-0.60393963409428,-0.440261439372932,-0.624355120826338
"q2",7.7143259331209,4.36134677663611,2.94278606386421,2.24418132887944,1.77101435065802,1.44290826259955,1.21869516834436,1.05937202421022,0.82229587600808,0.867789207708345,0.728692356749522,0.68653398887145
