"params","1_Mon","2_Mon","3_Mon","4_Mon","5_Mon","6_Mon","7_Mon","8_Mon","9_Mon","10_Mon","11_Mon","12_Mon"
"alpha",0.198129868915049,0.0604450437185885,0.0581692128386689,0.058230211463837,0.060916126849892,0.0617026167519221,0.0604963937994047,0.0662797434110827,0.0649991275377387,0.0652015350587309,0.0634187778654545,0.0631608097806917
"beta",6.24865606409731,0.150004247517816,0.284588015802379,2.54868755322499,3.18409743109582,7.17341882586934,4.60899966318864,4.25293356023752,11.8370577123921,2.54824207344069,8.07739175340966,4.93070843337502
"sigma",2.4355935816054,3.12872391524237,13.9790422987137,33.1662594688957,51.7161581153195,47.2064868825843,87.6200655419531,116.108848584049,28.0487453153626,131.926460099593,90.3034113233633,84.1256019419302
"q1",-2.67519911715456,-0.199455431516134,-0.331648064443774,-0.62590551886626,-0.606432019416379,-0.773224623379272,-0.547480411385823,-0.70862912084171,0.0269931525105968,-0.67766177175618,-0.307641204868269,-0.153401368821936
"q2",9.04818697305149,6.63284785732029,4.61666385062858,3.46328449412121,2.67236489845169,2.13346528766274,1.78842542576151,1.41033935778183,1.30361881739331,1.14046895312127,1.00079175589936,0.88971316164225
